{
    "Humidity": {
        "max": 93.5, 
        "mean": 84.281939655172408, 
        "min": 71.569999999999993
    }, 
    "Rainfall": {
        "max": 28.800000000000001, 
        "mean": 0.24827586206896551, 
        "min": 0.0
    }, 
    "Solar_radiation": {
        "max": 311.80000000000001, 
        "mean": 23.238241379310352, 
        "min": 0.0
    }, 
    "Stream_water_conductivity": {
        "max": 0.033399999999999999, 
        "mean": 0.033349999999999907, 
        "min": 0.033300000000000003
    }, 
    "Water_depth": {
        "max": 0.37659999999999999, 
        "mean": 0.36809310344827589, 
        "min": 0.3609
    }, 
    "Water_temperature": {
        "max": 6.6689999999999996, 
        "mean": 5.5003750000000009, 
        "min": 4.8570000000000002
    }, 
    "Wind_speed": {
        "max": 5.2409999999999997, 
        "mean": 2.706793103448276, 
        "min": 0.0080000000000000002
    }, 
    "pressure": {
        "max": 993.0, 
        "mean": 985.31896551724139, 
        "min": 979.0
    }, 
    "temperature": {
        "max": 10.31, 
        "mean": 5.6846982758620701, 
        "min": 0.32700000000000001
    }, 
    "time": "2015-01-15T21:48:35.400903"
}